,species,length,weight,w_l_ratio
1927,5,9.59,4.59,0.48
1806,5,9.76,4.56,0.47
2752,7,12.39,2.56,0.21
2469,6,13.65,3.9,0.29
1222,3,17.45,3.21,0.18
1433,4,20.66,4.06,0.2
2759,7,13.83,2.63,0.19
284,1,7.16,3.25,0.45
2246,5,11.6,4.62,0.4
2653,6,11.05,3.92,0.35
3883,9,30.39,6.13,0.2
775,2,24.13,2.75,0.11
3981,9,30.6,6.12,0.2
392,1,9.12,3.42,0.38
208,1,8.54,3.33,0.39
10,1,8.03,3.4,0.42
2076,5,9.22,4.54,0.49
3947,9,31.97,6.18,0.19
2089,5,9.51,4.62,0.49
342,1,10.22,3.45,0.34
746,2,23.69,2.27,0.1
2138,5,10.84,4.59,0.42
1256,3,17.98,3.17,0.18
2454,6,11.7,3.79,0.32
2529,6,13.96,3.94,0.28
1591,4,23.5,3.87,0.16
3980,9,31.25,6.14,0.2
3432,8,18.57,3.11,0.17
2312,6,12.77,4.14,0.32
1452,4,22.68,3.92,0.17
1548,4,23.08,3.88,0.17
3166,8,16.98,3.19,0.19
2515,6,13.96,3.89,0.28
4011,9,31.59,6.18,0.2
1135,3,17.98,3.21,0.18
379,1,8.4,3.27,0.39
3599,8,18.27,2.98,0.16
182,1,10.59,3.25,0.31
3674,9,29.61,6.11,0.21
2871,7,12.37,2.65,0.21
423,1,9.82,3.17,0.32
593,2,25.1,2.86,0.11
3368,8,17.53,3.0,0.17
329,1,10.45,3.46,0.33
4054,9,29.63,6.06,0.2
1983,5,7.99,4.51,0.56
1836,5,7.36,4.57,0.62
1012,3,18.48,3.19,0.17
69,1,9.43,3.27,0.35
1406,4,24.02,3.75,0.16
2203,5,8.8,4.58,0.52
3294,8,19.36,3.0,0.15
2444,6,13.26,4.04,0.3
839,2,23.76,2.72,0.11
3466,8,17.7,3.16,0.18
2135,5,11.82,4.62,0.39
1774,4,22.2,3.83,0.17
2545,6,14.94,3.84,0.26
3538,8,17.88,3.3,0.18
2144,5,10.83,4.62,0.43
920,3,19.97,3.23,0.16
3266,8,17.8,3.22,0.18
375,1,8.11,3.06,0.38
3019,7,13.64,2.61,0.19
1569,4,20.16,3.98,0.2
3714,9,31.23,6.19,0.2
3971,9,33.33,6.23,0.19
3628,9,28.38,6.08,0.21
2941,7,14.48,2.57,0.18
2023,5,8.89,4.55,0.51
1985,5,7.1,4.52,0.64
2741,7,10.75,2.65,0.25
1655,4,22.35,3.84,0.17
1838,5,10.34,4.56,0.44
1171,3,18.23,3.24,0.18
778,2,24.19,2.52,0.1
4075,9,30.56,6.12,0.2
1515,4,22.52,3.94,0.18
1253,3,17.84,3.16,0.18
1011,3,20.21,3.29,0.16
336,1,9.43,3.33,0.35
599,2,24.68,2.58,0.1
3186,8,19.02,3.21,0.17
625,2,23.91,2.56,0.11
3078,7,15.22,2.69,0.18
975,3,18.53,3.3,0.18
3823,9,32.68,6.14,0.19
2978,7,10.86,2.64,0.24
3074,7,12.9,2.69,0.21
617,2,24.24,2.64,0.11
3711,9,30.26,6.11,0.2
3176,8,18.08,3.11,0.17
3180,8,18.9,3.19,0.17
3117,7,14.39,2.61,0.18
3136,7,13.73,2.65,0.19
231,1,9.21,3.37,0.37
3789,9,30.03,6.11,0.2
701,2,24.14,2.85,0.12
3164,8,17.65,3.21,0.18
1868,5,7.49,4.54,0.61
1700,4,22.22,3.98,0.18
3026,7,12.84,2.64,0.21
1951,5,9.21,4.6,0.5
3911,9,31.81,6.15,0.19
2160,5,9.63,4.61,0.48
3850,9,28.19,6.07,0.22
2132,5,10.14,4.63,0.46
970,3,19.3,3.32,0.17
780,2,24.53,2.44,0.1
317,1,7.95,3.37,0.42
2079,5,8.94,4.61,0.52
956,3,18.64,3.14,0.17
1139,3,20.43,3.31,0.16
4012,9,28.17,6.05,0.21
2215,5,9.55,4.55,0.48
268,1,7.4,3.21,0.43
2294,6,15.6,4.11,0.26
2907,7,14.41,2.61,0.18
1745,4,23.67,3.87,0.16
2122,5,9.03,4.56,0.51
1096,3,19.71,3.21,0.16
3867,9,32.31,6.13,0.19
2376,6,12.21,3.87,0.32
1681,4,22.95,3.86,0.17
1105,3,16.54,3.09,0.19
2930,7,13.34,2.6,0.19
2451,6,14.11,4.11,0.29
2175,5,10.64,4.56,0.43
172,1,10.71,3.42,0.32
3830,9,30.92,6.12,0.2
2117,5,9.45,4.62,0.49
1502,4,22.01,3.92,0.18
2238,5,10.35,4.59,0.44
109,1,8.1,3.12,0.39
2007,5,8.79,4.57,0.52
997,3,17.82,3.02,0.17
782,2,25.4,2.94,0.12
2588,6,15.32,4.03,0.26
357,1,8.47,3.44,0.41
2661,6,15.44,4.1,0.27
3372,8,19.3,3.1,0.16
3155,8,19.33,3.14,0.16
2400,6,10.9,4.2,0.39
2940,7,11.82,2.62,0.22
824,2,24.33,2.37,0.1
988,3,20.8,3.24,0.16
1318,3,18.18,3.13,0.17
3545,8,18.47,3.03,0.16
3255,8,17.46,3.15,0.18
2577,6,15.72,3.94,0.25
938,3,20.82,3.3,0.16
3353,8,16.74,3.07,0.18
2818,7,12.72,2.54,0.2
33,1,8.74,3.37,0.39
2463,6,15.15,3.99,0.26
3798,9,32.18,6.22,0.19
2230,5,7.89,4.58,0.58
3418,8,18.28,3.04,0.17
2952,7,14.62,2.64,0.18
3550,8,18.2,3.05,0.17
1822,5,9.62,4.6,0.48
3682,9,29.83,6.07,0.2
370,1,9.1,3.3,0.36
2361,6,9.78,3.93,0.4
3072,7,13.07,2.64,0.2
417,1,10.37,3.45,0.33
1101,3,17.62,3.18,0.18
3737,9,31.37,6.13,0.2
3192,8,17.01,3.06,0.18
2388,6,10.39,4.04,0.39
3010,7,14.06,2.65,0.19
3671,9,29.96,6.13,0.2
1826,5,10.07,4.6,0.46
922,3,20.08,3.32,0.17
2185,5,9.08,4.61,0.51
871,2,24.27,2.33,0.1
572,2,23.65,2.74,0.12
893,3,16.82,3.08,0.18
3756,9,32.4,6.17,0.19
1451,4,23.23,3.9,0.17
4078,9,29.78,6.11,0.21
1768,4,23.25,3.97,0.17
2173,5,10.33,4.65,0.45
2961,7,13.54,2.68,0.2
3794,9,29.41,6.09,0.21
2727,7,9.85,2.63,0.27
771,2,24.69,2.42,0.1
194,1,8.64,3.38,0.39
3200,8,17.11,3.05,0.18
3283,8,17.23,3.18,0.18
3869,9,31.47,6.19,0.2
1520,4,22.88,3.93,0.17
3597,8,18.03,3.1,0.17
3649,9,32.27,6.21,0.19
1025,3,18.15,3.29,0.18
546,2,24.37,2.51,0.1
2329,6,10.92,3.75,0.34
3729,9,32.25,6.21,0.19
1984,5,9.56,4.56,0.48
977,3,18.25,3.23,0.18
2457,6,11.8,3.9,0.33
3608,8,17.78,3.17,0.18
606,2,24.74,2.93,0.12
917,3,20.47,3.3,0.16
3675,9,33.07,6.2,0.19
2241,5,8.54,4.58,0.54
3097,7,11.97,2.62,0.22
25,1,9.52,3.23,0.34
3844,9,33.57,6.17,0.18
4077,9,32.81,6.25,0.19
3447,8,16.17,3.02,0.19
4064,9,29.92,6.13,0.2
1425,4,24.19,4.03,0.17
684,2,24.03,2.69,0.11
2686,6,11.28,3.97,0.35
378,1,7.7,3.34,0.43
1245,3,18.94,3.22,0.17
2262,5,9.51,4.57,0.48
2087,5,8.31,4.59,0.55
1156,3,16.73,3.18,0.19
1192,3,20.18,3.22,0.16
529,2,24.0,2.69,0.11
3708,9,29.73,6.13,0.21
1141,3,20.2,3.24,0.16
3559,8,17.26,3.12,0.18
1725,4,21.05,4.01,0.19
3417,8,18.04,3.09,0.17
3580,8,18.33,3.03,0.17
1074,3,18.14,3.15,0.17
1765,4,22.87,3.95,0.17
163,1,7.82,3.16,0.4
431,1,7.55,3.06,0.41
3863,9,29.78,6.08,0.2
2406,6,10.42,3.95,0.38
39,1,7.88,3.3,0.42
3903,9,30.57,6.12,0.2
1261,3,18.46,3.13,0.17
1662,4,20.14,3.9,0.19
1521,4,22.47,3.97,0.18
179,1,8.36,3.36,0.4
2178,5,12.42,4.63,0.37
3134,7,13.45,2.64,0.2
715,2,24.41,2.96,0.12
2139,5,9.75,4.58,0.47
882,2,23.26,2.5,0.11
803,2,24.04,2.47,0.1
2519,6,10.68,3.98,0.37
2788,7,12.62,2.66,0.21
2011,5,9.67,4.58,0.47
3530,8,17.39,2.98,0.17
2321,6,11.99,3.78,0.32
2056,5,9.44,4.61,0.49
3374,8,16.55,3.09,0.19
2269,6,10.38,4.0,0.39
4063,9,31.5,6.14,0.19
939,3,20.32,3.29,0.16
1694,4,23.27,3.78,0.16
3195,8,19.16,3.04,0.16
3219,8,18.06,3.09,0.17
3056,7,12.0,2.68,0.22
2191,5,8.56,4.58,0.53
3044,7,14.37,2.67,0.19
3687,9,32.78,6.15,0.19
1411,4,22.01,3.9,0.18
3013,7,13.47,2.67,0.2
3450,8,18.23,2.98,0.16
731,2,22.73,2.71,0.12
691,2,23.57,3.2,0.14
393,1,8.24,3.37,0.41
1408,4,21.4,3.79,0.18
3571,8,18.51,3.08,0.17
3067,7,12.67,2.65,0.21
2375,6,14.92,4.02,0.27
3991,9,31.14,6.18,0.2
2926,7,10.83,2.54,0.23
1443,4,20.91,3.89,0.19
1233,3,16.69,3.19,0.19
2243,5,9.77,4.57,0.47
1969,5,9.69,4.6,0.48
2356,6,15.86,3.87,0.24
2570,6,12.79,4.0,0.31
1737,4,23.3,3.89,0.17
742,2,25.28,2.78,0.11
1678,4,22.15,3.94,0.18
3328,8,18.31,3.07,0.17
455,1,7.06,3.12,0.44
67,1,6.86,3.34,0.49
397,1,8.11,3.1,0.38
2858,7,12.4,2.69,0.22
2633,6,12.49,4.07,0.33
18,1,8.85,3.07,0.35
1986,5,7.87,4.52,0.57
409,1,7.03,3.34,0.48
3992,9,29.58,6.09,0.21
521,2,24.6,3.05,0.12
93,1,7.41,3.11,0.42
4022,9,32.73,6.17,0.19
2860,7,12.16,2.56,0.21
3210,8,16.43,3.06,0.19
3238,8,17.32,3.25,0.19
1258,3,18.64,3.2,0.17
3755,9,30.8,6.16,0.2
158,1,8.34,3.19,0.38
302,1,8.63,3.31,0.38
1858,5,8.98,4.5,0.5
146,1,7.84,3.16,0.4
177,1,6.5,3.18,0.49
2265,5,7.29,4.61,0.63
462,1,10.02,3.21,0.32
2841,7,11.29,2.58,0.23
1065,3,17.89,3.16,0.18
851,2,23.87,2.43,0.1
3024,7,14.08,2.66,0.19
3139,7,14.52,2.66,0.18
3171,8,18.93,3.19,0.17
1944,5,9.04,4.58,0.51
2513,6,14.32,4.04,0.28
2959,7,14.54,2.68,0.18
1781,4,23.12,3.94,0.17
2689,6,9.72,4.06,0.42
807,2,24.24,2.45,0.1
4020,9,31.81,6.2,0.19
2040,5,10.75,4.61,0.43
861,2,23.38,2.59,0.11
3274,8,18.82,3.19,0.17
674,2,23.52,3.21,0.14
3629,9,30.09,6.09,0.2
1089,3,18.73,3.21,0.17
248,1,9.9,3.37,0.34
2823,7,14.2,2.64,0.19
2854,7,14.11,2.64,0.19
3224,8,17.85,2.94,0.16
2353,6,13.17,4.02,0.31
1721,4,20.87,3.78,0.18
2331,6,14.41,4.05,0.28
2405,6,11.66,3.79,0.33
1771,4,20.54,3.82,0.19
982,3,18.67,3.18,0.17
554,2,23.98,3.16,0.13
1100,3,20.54,3.35,0.16
1049,3,18.17,3.12,0.17
2189,5,7.87,4.53,0.58
1946,5,9.72,4.56,0.47
140,1,7.06,3.02,0.43
886,2,25.42,3.05,0.12
2596,6,12.95,4.04,0.31
1791,4,24.12,3.51,0.15
3776,9,32.26,6.15,0.19
919,3,18.5,3.18,0.17
2779,7,14.57,2.64,0.18
2284,6,12.64,3.86,0.31
749,2,25.32,2.85,0.11
101,1,8.58,3.24,0.38
2627,6,13.13,4.09,0.31
1878,5,9.13,4.56,0.5
2735,7,14.32,2.69,0.19
4007,9,31.1,6.18,0.2
993,3,19.39,3.24,0.17
3666,9,29.2,6.04,0.21
3482,8,18.18,2.98,0.16
2172,5,9.89,4.56,0.46
1563,4,22.82,3.94,0.17
3785,9,30.16,6.09,0.2
1340,3,18.46,3.24,0.18
1752,4,20.64,3.91,0.19
3633,9,31.92,6.19,0.19
3232,8,16.69,2.95,0.18
468,1,6.98,3.22,0.46
1716,4,21.89,3.69,0.17
3811,9,33.29,6.21,0.19
2670,6,10.19,4.03,0.4
2875,7,14.06,2.62,0.19
3723,9,32.59,6.2,0.19
82,1,8.74,3.32,0.38
3960,9,32.07,6.18,0.19
1524,4,21.39,3.79,0.18
962,3,18.72,3.19,0.17
1611,4,20.43,3.75,0.18
2827,7,13.44,2.61,0.19
1059,3,18.08,3.11,0.17
2737,7,13.32,2.6,0.2
3050,7,14.51,2.62,0.18
792,2,24.64,2.66,0.11
2008,5,8.43,4.6,0.55
2430,6,15.16,4.09,0.27
741,2,24.12,2.47,0.1
2340,6,13.72,3.97,0.29
1449,4,20.21,3.64,0.18
3337,8,16.95,3.04,0.18
936,3,17.51,3.12,0.18
2020,5,9.66,4.57,0.47
1274,3,16.28,3.1,0.19
2830,7,13.94,2.52,0.18
70,1,10.58,3.37,0.32
1393,4,20.88,3.89,0.19
2785,7,12.63,2.63,0.21
2894,7,10.53,2.58,0.25
1825,5,10.75,4.6,0.43
3434,8,17.6,2.95,0.17
3508,8,18.43,3.1,0.17
1619,4,20.08,3.97,0.2
55,1,9.26,3.25,0.35
850,2,23.76,2.45,0.1
1292,3,17.12,3.16,0.18
125,1,8.34,3.4,0.41
2124,5,9.0,4.56,0.51
2667,6,14.69,4.13,0.28
1844,5,8.86,4.52,0.51
2041,5,8.38,4.54,0.54
2046,5,11.1,4.59,0.41
3245,8,18.01,3.26,0.18
3361,8,17.99,3.03,0.17
1804,5,11.53,4.64,0.4
2923,7,14.68,2.72,0.19
2859,7,12.35,2.59,0.21
2074,5,8.62,4.63,0.54
211,1,8.95,3.3,0.37
2932,7,13.21,2.6,0.2
2283,6,13.1,4.06,0.31
1200,3,19.28,3.21,0.17
388,1,6.43,3.21,0.5
84,1,8.31,3.35,0.4
3246,8,17.79,3.03,0.17
2084,5,10.69,4.62,0.43
1743,4,22.58,3.88,0.17
3696,9,33.26,6.26,0.19
3965,9,31.51,6.17,0.2
2104,5,10.92,4.59,0.42
3758,9,30.78,6.14,0.2
4045,9,30.39,6.09,0.2
2636,6,11.63,3.92,0.34
203,1,8.25,3.18,0.39
316,1,7.37,3.14,0.43
1106,3,17.87,3.25,0.18
3426,8,18.25,3.1,0.17
577,2,24.1,2.71,0.11
5,1,9.35,3.28,0.35
3706,9,31.61,6.16,0.19
2133,5,8.8,4.57,0.52
2392,6,11.26,3.76,0.33
3202,8,16.89,3.12,0.18
204,1,7.02,3.25,0.46
2130,5,10.44,4.61,0.44
3606,8,16.81,3.04,0.18
3057,7,13.78,2.67,0.19
788,2,23.6,2.42,0.1
3109,7,13.94,2.63,0.19
2420,6,13.78,3.78,0.27
582,2,25.44,2.48,0.1
700,2,23.8,2.5,0.11
2626,6,13.07,3.77,0.29
1000,3,18.35,3.16,0.17
1958,5,8.03,4.55,0.57
74,1,7.94,3.18,0.4
1260,3,16.74,3.09,0.18
1198,3,19.26,3.19,0.17
2316,6,12.59,3.84,0.3
3162,8,18.34,3.4,0.19
2455,6,11.25,4.23,0.38
3592,8,18.74,3.1,0.17
246,1,6.67,3.33,0.5
314,1,9.18,3.38,0.37
1835,5,10.9,4.59,0.42
396,1,9.66,3.51,0.36
556,2,23.42,2.44,0.1
1432,4,22.91,3.89,0.17
2393,6,12.94,3.88,0.3
3147,8,18.01,3.16,0.18
86,1,7.23,3.31,0.46
1117,3,20.08,3.21,0.16
367,1,6.86,3.15,0.46
3080,7,15.22,2.65,0.17
1231,3,19.79,3.23,0.16
2963,7,12.55,2.67,0.21
1114,3,18.29,3.17,0.17
3415,8,18.46,3.31,0.18
3178,8,16.85,3.3,0.2
2619,6,15.79,4.1,0.26
1809,5,9.55,4.59,0.48
2695,6,12.95,4.02,0.31
1851,5,8.36,4.55,0.54
3225,8,18.4,3.26,0.18
3281,8,17.7,3.26,0.18
442,1,7.52,3.29,0.44
2934,7,13.23,2.69,0.2
420,1,6.98,3.43,0.49
585,2,24.5,2.67,0.11
398,1,7.28,3.13,0.43
2114,5,11.55,4.61,0.4
676,2,23.85,2.49,0.1
3824,9,31.96,6.18,0.19
384,1,9.65,3.21,0.33
587,2,24.62,3.15,0.13
2840,7,12.8,2.59,0.2
2062,5,8.12,4.57,0.56
1136,3,17.97,3.18,0.18
2581,6,11.68,3.96,0.34
3564,8,16.68,3.1,0.19
2002,5,9.48,4.58,0.48
2126,5,12.18,4.64,0.38
1798,5,10.31,4.57,0.44
2233,5,9.79,4.66,0.48
3546,8,17.27,3.16,0.18
3177,8,17.28,3.07,0.18
706,2,24.76,2.86,0.12
573,2,25.64,2.83,0.11
2539,6,16.22,4.06,0.25
183,1,8.77,3.11,0.35
3942,9,31.78,6.1,0.19
2792,7,13.98,2.67,0.19
144,1,6.53,3.34,0.51
1174,3,19.63,3.32,0.17
1525,4,19.62,3.74,0.19
38,1,7.23,3.31,0.46
223,1,9.8,3.24,0.33
1782,4,21.55,3.83,0.18
307,1,10.62,3.45,0.33
2200,5,9.76,4.57,0.47
1046,3,18.7,3.15,0.17
862,2,24.83,2.61,0.11
1010,3,18.2,3.24,0.18
1785,4,23.4,4.03,0.17
1158,3,17.77,3.16,0.18
2029,5,10.31,4.54,0.44
2705,6,16.44,3.95,0.24
1549,4,21.74,3.79,0.17
1120,3,20.39,3.14,0.15
2164,5,9.91,4.6,0.46
3906,9,28.74,6.08,0.21
909,3,18.79,3.26,0.17
1391,4,21.88,3.85,0.18
563,2,24.56,2.67,0.11
3746,9,30.99,6.19,0.2
3496,8,18.62,3.09,0.17
3878,9,30.07,6.12,0.2
3379,8,17.14,2.94,0.17
1735,4,19.97,3.79,0.19
2656,6,10.72,3.97,0.37
152,1,7.03,3.23,0.46
1527,4,23.07,3.87,0.17
2953,7,14.5,2.7,0.19
1170,3,20.18,3.29,0.16
2896,7,12.37,2.64,0.21
489,2,24.96,2.56,0.1
4031,9,30.61,6.11,0.2
762,2,24.08,2.6,0.11
3071,7,13.28,2.67,0.2
555,2,24.98,2.86,0.11
1751,4,22.81,3.67,0.16
1842,5,7.53,4.56,0.61
3248,8,17.65,2.99,0.17
513,2,24.89,2.86,0.12
1180,3,18.09,3.16,0.17
637,2,24.64,2.98,0.12
470,1,7.34,3.22,0.44
1593,4,20.6,4.05,0.2
2487,6,11.75,3.75,0.32
3244,8,18.38,3.02,0.16
3215,8,17.99,3.06,0.17
1881,5,10.55,4.63,0.44
723,2,23.15,3.23,0.14
3326,8,18.34,2.95,0.16
3363,8,18.93,3.12,0.16
96,1,7.31,3.26,0.45
3184,8,17.59,3.23,0.18
3382,8,17.98,3.22,0.18
3754,9,31.28,6.13,0.2
495,2,23.62,2.54,0.11
796,2,25.4,2.69,0.11
184,1,7.2,3.33,0.46
19,1,7.83,3.16,0.4
2935,7,12.19,2.62,0.21
2438,6,16.17,3.97,0.25
774,2,23.77,2.71,0.11
1922,5,11.85,4.62,0.39
2332,6,12.26,3.81,0.31
1077,3,18.96,3.31,0.17
615,2,25.59,2.95,0.12
2443,6,12.12,3.77,0.31
736,2,24.43,2.62,0.11
3407,8,18.8,3.28,0.17
2644,6,13.21,4.11,0.31
1148,3,17.35,3.14,0.18
3732,9,28.18,6.02,0.21
1862,5,8.38,4.54,0.54
3000,7,11.64,2.58,0.22
4050,9,28.86,6.09,0.21
3168,8,18.02,3.12,0.17
3925,9,29.06,6.09,0.21
704,2,24.99,2.67,0.11
1949,5,8.04,4.55,0.57
964,3,19.55,3.19,0.16
3800,9,31.04,6.17,0.2
274,1,6.98,3.08,0.44
3242,8,16.83,3.09,0.18
1268,3,20.43,3.25,0.16
418,1,8.81,3.19,0.36
291,1,8.0,3.34,0.42
1767,4,20.51,3.88,0.19
3632,9,28.14,6.05,0.22
31,1,10.56,3.41,0.32
2766,7,13.9,2.64,0.19
3048,7,14.3,2.66,0.19
2017,5,9.66,4.61,0.48
934,3,16.71,3.12,0.19
401,1,9.5,3.42,0.36
1302,3,18.43,3.16,0.17
1343,3,18.12,3.22,0.18
872,2,22.92,2.33,0.1
1307,3,17.77,3.09,0.17
844,2,24.49,2.75,0.11
2983,7,13.07,2.65,0.2
1533,4,23.44,3.97,0.17
2286,6,10.84,3.97,0.37
3047,7,11.24,2.59,0.23
3058,7,14.03,2.68,0.19
2433,6,10.19,3.91,0.38
89,1,7.77,3.06,0.39
933,3,18.46,3.14,0.17
2291,6,15.56,4.02,0.26
3907,9,28.47,6.05,0.21
560,2,24.75,2.93,0.12
3866,9,31.36,6.14,0.2
2045,5,8.61,4.53,0.53
1004,3,17.78,3.18,0.18
592,2,23.83,3.03,0.13
790,2,23.96,2.52,0.11
415,1,9.64,3.41,0.35
2567,6,15.64,3.98,0.25
3536,8,19.26,3.17,0.16
3748,9,32.1,6.18,0.19
1247,3,19.06,3.31,0.17
1364,4,23.21,3.88,0.17
2767,7,10.73,2.59,0.24
180,1,7.57,3.35,0.44
2525,6,13.71,4.03,0.29
3002,7,13.56,2.56,0.19
2828,7,14.06,2.68,0.19
3356,8,18.19,2.95,0.16
897,3,17.48,3.17,0.18
36,1,9.47,3.45,0.36
2905,7,10.6,2.55,0.24
3662,9,30.39,6.07,0.2
1014,3,17.6,3.22,0.18
76,1,9.83,3.35,0.34
1140,3,18.97,3.31,0.17
104,1,8.41,3.12,0.37
1996,5,11.5,4.64,0.4
2685,6,11.38,3.9,0.34
1680,4,21.52,3.72,0.17
312,1,8.98,3.26,0.36
352,1,10.16,3.38,0.33
1467,4,21.44,3.54,0.17
2492,6,13.48,3.89,0.29
1064,3,17.56,3.18,0.18
3886,9,30.05,6.11,0.2
3663,9,29.87,6.15,0.21
3926,9,30.85,6.13,0.2
3641,9,31.71,6.17,0.19
3070,7,11.44,2.61,0.23
199,1,9.06,3.29,0.36
3787,9,33.09,6.2,0.19
447,1,8.57,3.58,0.42
2248,5,10.1,4.57,0.45
1278,3,19.9,3.25,0.16
3984,9,30.79,6.12,0.2
3692,9,32.19,6.19,0.19
530,2,23.68,2.63,0.11
3494,8,17.25,3.07,0.18
2793,7,14.48,2.66,0.18
978,3,17.94,3.2,0.18
2821,7,13.34,2.68,0.2
1950,5,9.9,4.58,0.46
2814,7,12.06,2.54,0.21
3282,8,17.27,2.94,0.17
564,2,24.66,2.91,0.12
1098,3,19.02,3.2,0.17
1497,4,21.48,4.02,0.19
2071,5,12.36,4.64,0.38
1243,3,20.06,3.31,0.17
4008,9,29.0,6.07,0.21
2768,7,15.24,2.73,0.18
1196,3,17.69,3.27,0.18
2892,7,12.03,2.6,0.22
1582,4,19.94,3.8,0.19
687,2,24.43,2.88,0.12
688,2,24.58,2.23,0.09
600,2,25.05,3.14,0.13
2877,7,14.2,2.71,0.19
3309,8,18.03,3.12,0.17
768,2,24.78,2.51,0.1
2691,6,10.21,3.91,0.38
119,1,8.41,3.24,0.38
2278,6,12.63,4.09,0.32
3009,7,14.72,2.62,0.18
535,2,23.56,3.15,0.13
3518,8,17.26,3.22,0.19
2339,6,14.07,3.92,0.28
1845,5,12.01,4.61,0.38
4060,9,32.35,6.18,0.19
1111,3,16.99,3.07,0.18
4019,9,29.95,6.1,0.2
672,2,24.38,2.71,0.11
2333,6,14.65,4.07,0.28
3659,9,33.06,6.21,0.19
1648,4,22.54,3.78,0.17
1704,4,22.07,3.7,0.17
2587,6,12.44,3.91,0.31
3727,9,32.42,6.25,0.19
3158,8,17.67,3.07,0.17
1961,5,7.79,4.54,0.58
2196,5,10.75,4.63,0.43
1073,3,19.42,3.18,0.16
3123,7,11.05,2.51,0.23
3239,8,19.06,3.33,0.17
60,1,7.87,3.24,0.41
3760,9,32.66,6.24,0.19
2614,6,11.27,3.99,0.35
3910,9,32.09,6.16,0.19
2962,7,13.77,2.64,0.19
1578,4,22.41,3.86,0.17
3477,8,17.58,3.2,0.18
2068,5,10.8,4.6,0.43
2624,6,14.29,3.93,0.27
3643,9,30.46,6.13,0.2
2580,6,15.49,3.95,0.25
2881,7,11.77,2.66,0.23
332,1,10.42,3.38,0.32
3138,7,13.01,2.65,0.2
2186,5,8.03,4.52,0.56
1441,4,22.51,3.98,0.18
3495,8,17.83,3.05,0.17
3310,8,16.65,3.05,0.18
1890,5,9.23,4.55,0.49
2303,6,15.5,3.94,0.25
2862,7,13.91,2.72,0.2
1346,3,18.27,3.22,0.18
785,2,24.05,2.64,0.11
888,2,25.17,2.38,0.09
1635,4,22.19,3.88,0.17
3539,8,18.3,3.15,0.17
2047,5,7.43,4.55,0.61
3777,9,33.61,6.21,0.18
2997,7,11.98,2.62,0.22
2500,6,12.42,3.94,0.32
1637,4,19.73,3.63,0.18
1503,4,23.89,3.83,0.16
848,2,24.09,2.94,0.12
3436,8,17.06,3.33,0.19
3864,9,29.6,6.1,0.21
1980,5,11.6,4.57,0.39
2373,6,11.27,3.86,0.34
1872,5,10.68,4.66,0.44
3441,8,17.55,2.95,0.17
325,1,7.58,3.23,0.43
3741,9,31.83,6.14,0.19
2354,6,12.75,3.88,0.3
3667,9,28.91,6.03,0.21
2116,5,12.01,4.6,0.38
641,2,24.21,2.49,0.1
628,2,24.53,2.65,0.11
1702,4,20.56,3.75,0.18
3263,8,18.0,3.03,0.17
3738,9,30.26,6.11,0.2
4030,9,29.79,6.06,0.2
3531,8,17.19,3.21,0.19
1613,4,22.3,3.91,0.18
583,2,24.46,2.83,0.12
1213,3,18.22,3.07,0.17
1234,3,20.79,3.29,0.16
3199,8,16.55,3.2,0.19
3295,8,16.85,3.21,0.19
912,3,18.53,3.18,0.17
225,1,9.34,3.3,0.35
2502,6,12.48,4.04,0.32
2683,6,15.61,4.01,0.26
2399,6,16.22,3.97,0.24
3068,7,14.47,2.72,0.19
609,2,23.47,2.93,0.13
2984,7,13.98,2.7,0.19
1342,3,18.7,3.14,0.17
3697,9,31.03,6.14,0.2
3871,9,31.55,6.23,0.2
2518,6,13.19,3.88,0.29
845,2,24.68,2.65,0.11
1304,3,18.43,3.19,0.17
1505,4,22.43,3.76,0.17
353,1,6.37,3.25,0.51
1934,5,9.26,4.6,0.5
3279,8,17.6,3.17,0.18
1335,3,19.27,3.18,0.17
2958,7,11.4,2.63,0.23
2123,5,9.2,4.61,0.5
2234,5,9.35,4.56,0.49
632,2,23.85,2.94,0.12
3440,8,16.59,3.03,0.18
3103,7,13.92,2.66,0.19
2447,6,12.13,3.92,0.32
1360,4,21.98,3.94,0.18
239,1,6.98,3.31,0.47
507,2,23.93,2.72,0.11
842,2,23.78,2.82,0.12
1128,3,18.85,3.15,0.17
814,2,23.94,2.66,0.11
3826,9,31.4,6.18,0.2
1344,3,17.04,3.12,0.18
1588,4,21.1,3.77,0.18
3896,9,30.86,6.13,0.2
3936,9,31.01,6.14,0.2
1718,4,22.02,3.78,0.17
3034,7,13.65,2.62,0.19
1306,3,17.23,3.09,0.18
1728,4,19.38,3.87,0.2
1887,5,10.33,4.61,0.45
3713,9,30.01,6.12,0.2
2491,6,14.75,3.9,0.26
2151,5,9.9,4.58,0.46
2296,6,14.18,3.84,0.27
1472,4,22.09,3.81,0.17
2565,6,14.14,4.04,0.29
391,1,7.44,3.11,0.42
1191,3,18.4,3.2,0.17
2618,6,15.42,3.95,0.26
3121,7,11.9,2.61,0.22
2995,7,12.59,2.64,0.21
3558,8,17.43,3.14,0.18
4026,9,31.07,6.15,0.2
1698,4,21.56,3.81,0.18
1799,5,11.03,4.61,0.42
1778,4,22.37,3.94,0.18
2423,6,14.78,3.86,0.26
3693,9,32.02,6.18,0.19
567,2,24.41,2.62,0.11
2325,6,13.72,3.98,0.29
1017,3,16.42,3.09,0.19
2042,5,9.8,4.58,0.47
3881,9,32.84,6.17,0.19
2789,7,14.27,2.68,0.19
1067,3,17.26,3.16,0.18
2456,6,10.88,4.1,0.38
3681,9,30.4,6.12,0.2
969,3,16.9,3.14,0.19
703,2,25.06,2.9,0.12
3779,9,31.1,6.16,0.2
1483,4,21.73,3.83,0.18
3868,9,31.51,6.16,0.2
2415,6,9.41,3.81,0.4
3631,9,31.9,6.15,0.19
766,2,25.11,2.47,0.1
520,2,23.97,3.03,0.13
72,1,6.39,3.06,0.48
562,2,24.54,3.43,0.14
2235,5,10.52,4.61,0.44
2435,6,12.1,3.74,0.31
1999,5,9.37,4.56,0.49
3370,8,18.53,3.11,0.17
1917,5,8.94,4.58,0.51
506,2,24.19,2.72,0.11
439,1,7.28,3.08,0.42
304,1,7.72,3.17,0.41
1931,5,9.13,4.58,0.5
629,2,24.7,2.97,0.12
3413,8,16.81,3.01,0.18
448,1,7.04,3.09,0.44
2258,5,8.09,4.58,0.57
2819,7,12.77,2.63,0.21
3324,8,18.45,3.3,0.18
3005,7,13.5,2.61,0.19
3702,9,31.56,6.19,0.2
1684,4,22.93,3.87,0.17
2936,7,12.53,2.61,0.21
2205,5,7.66,4.56,0.6
3130,7,13.56,2.58,0.19
1388,4,23.31,3.91,0.17
2038,5,8.72,4.62,0.53
1932,5,9.26,4.63,0.5
2147,5,8.95,4.6,0.51
2287,6,10.67,3.83,0.36
750,2,24.33,2.67,0.11
2838,7,9.75,2.57,0.26
3593,8,16.79,3.05,0.18
1193,3,19.63,3.22,0.16
3304,8,17.15,3.08,0.18
2495,6,11.21,4.25,0.38
3950,9,33.11,6.18,0.19
3222,8,19.08,3.04,0.16
1396,4,23.32,3.92,0.17
940,3,18.05,3.16,0.18
4070,9,30.84,6.14,0.2
4018,9,31.51,6.16,0.2
1634,4,23.82,3.8,0.16
3066,7,15.16,2.7,0.18
1053,3,18.17,3.2,0.18
951,3,16.31,3.14,0.19
3298,8,17.84,3.11,0.17
3003,7,14.28,2.64,0.19
3688,9,30.52,6.13,0.2
1683,4,21.49,3.9,0.18
2573,6,15.54,4.08,0.26
3752,9,29.94,6.14,0.2
1412,4,20.14,3.77,0.19
261,1,9.47,3.44,0.36
148,1,8.73,3.36,0.39
726,2,24.39,3.09,0.13
3563,8,17.16,3.16,0.18
2198,5,10.65,4.59,0.43
2099,5,10.54,4.63,0.44
3943,9,31.23,6.15,0.2
1251,3,17.97,3.19,0.18
1250,3,20.46,3.26,0.16
1426,4,20.65,3.57,0.17
2390,6,12.42,3.93,0.32
1147,3,19.08,3.19,0.17
3611,8,18.45,3.0,0.16
1749,4,22.42,4.01,0.18
3596,8,17.08,3.09,0.18
1464,4,19.79,3.82,0.19
3277,8,16.8,3.17,0.19
553,2,23.33,3.15,0.13
944,3,20.17,3.35,0.17
209,1,6.51,3.35,0.51
2060,5,7.96,4.58,0.58
4040,9,29.17,6.05,0.21
79,1,6.85,3.26,0.48
1638,4,24.35,4.14,0.17
2994,7,10.96,2.56,0.23
2027,5,8.74,4.53,0.52
1710,4,20.73,3.84,0.19
3924,9,30.11,6.14,0.2
3128,7,12.77,2.56,0.2
3325,8,17.66,3.27,0.18
299,1,7.94,3.23,0.41
2462,6,13.89,4.12,0.3
2973,7,11.81,2.66,0.22
1463,4,19.89,3.86,0.19
2300,6,13.28,4.09,0.31
419,1,9.2,3.12,0.34
2700,6,14.24,4.11,0.29
3617,8,18.54,3.27,0.18
425,1,9.35,3.44,0.37
278,1,7.3,3.26,0.45
355,1,9.85,3.25,0.33
3968,9,29.35,6.07,0.21
694,2,24.51,2.74,0.11
1107,3,17.93,3.15,0.18
481,2,22.97,2.55,0.11
1827,5,9.29,4.6,0.5
1473,4,20.25,3.82,0.19
305,1,6.52,3.35,0.51
3444,8,17.67,3.24,0.18
2967,7,12.73,2.64,0.21
1204,3,19.16,3.08,0.16
3909,9,31.17,6.12,0.2
2232,5,7.8,4.53,0.58
132,1,6.79,3.4,0.5
238,1,8.48,3.28,0.39
4021,9,31.89,6.12,0.19
1061,3,17.0,3.12,0.18
751,2,24.88,2.91,0.12
3116,7,13.34,2.6,0.19
3278,8,17.07,3.04,0.18
1162,3,18.98,3.23,0.17
2817,7,13.22,2.62,0.2
3951,9,31.77,6.16,0.19
1474,4,22.45,4.03,0.18
1962,5,7.63,4.57,0.6
1972,5,11.64,4.64,0.4
2659,6,12.78,3.98,0.31
2467,6,14.42,3.99,0.28
3311,8,18.09,3.26,0.18
1579,4,23.8,3.74,0.16
843,2,24.53,2.88,0.12
2748,7,11.64,2.49,0.21
1457,4,19.97,3.82,0.19
2615,6,11.64,4.01,0.34
3997,9,32.49,6.19,0.19
3167,8,17.68,3.11,0.18
3300,8,17.94,3.13,0.17
1354,3,18.09,3.13,0.17
2466,6,13.24,4.15,0.31
3600,8,17.23,2.95,0.17
318,1,7.66,3.36,0.44
1470,4,19.43,3.58,0.18
2260,5,8.45,4.6,0.54
2753,7,14.03,2.68,0.19
2095,5,10.05,4.58,0.46
1407,4,23.31,4.1,0.18
971,3,20.22,3.22,0.16
286,1,6.39,3.21,0.5
1908,5,10.27,4.63,0.45
1057,3,17.65,3.16,0.18
451,1,9.18,3.14,0.34
1935,5,8.51,4.57,0.54
3322,8,18.91,3.04,0.16
503,2,23.5,2.77,0.12
986,3,19.39,3.22,0.17
1955,5,9.98,4.55,0.46
3870,9,30.93,6.11,0.2
3463,8,17.47,3.18,0.18
3795,9,29.63,6.1,0.21
2607,6,14.46,3.83,0.26
670,2,25.24,3.15,0.12
646,2,25.15,2.82,0.11
2917,7,14.39,2.7,0.19
878,2,24.28,2.98,0.12
841,2,23.57,2.71,0.11
3437,8,16.8,3.09,0.18
3275,8,16.89,3.04,0.18
4071,9,31.46,6.14,0.2
1265,3,16.67,3.21,0.19
1937,5,9.17,4.55,0.5
2590,6,13.21,3.97,0.3
1386,4,20.36,3.63,0.18
483,2,23.81,2.8,0.12
2259,5,11.62,4.61,0.4
1039,3,17.41,3.11,0.18
422,1,6.76,3.16,0.47
1146,3,19.24,3.27,0.17
2742,7,14.02,2.64,0.19
1448,4,22.91,3.85,0.17
3110,7,14.83,2.63,0.18
1741,4,19.28,3.72,0.19
2657,6,12.21,4.1,0.34
3296,8,16.08,3.13,0.19
1973,5,8.13,4.57,0.56
202,1,7.18,3.15,0.44
1667,4,22.51,3.93,0.17
3877,9,30.81,6.15,0.2
2452,6,12.02,4.04,0.34
4036,9,31.17,6.17,0.2
2459,6,12.67,3.97,0.31
429,1,9.78,3.29,0.34
3734,9,29.01,6.08,0.21
3313,8,17.31,3.1,0.18
2720,6,12.67,4.04,0.32
3038,7,13.41,2.55,0.19
3261,8,19.18,3.2,0.17
4069,9,29.28,6.1,0.21
3511,8,17.35,3.03,0.17
3175,8,19.06,3.17,0.17
3223,8,17.8,3.09,0.17
1390,4,20.42,3.78,0.19
112,1,7.77,3.46,0.44
1992,5,8.28,4.58,0.55
2092,5,12.41,4.58,0.37
94,1,6.63,3.18,0.48
2562,6,12.11,4.0,0.33
1537,4,19.54,3.85,0.2
3428,8,18.21,3.24,0.18
3988,9,31.03,6.1,0.2
446,1,6.65,3.26,0.49
914,3,16.7,3.07,0.18
15,1,9.41,3.21,0.34
1897,5,9.38,4.59,0.49
2289,6,10.05,3.88,0.39
2541,6,15.48,4.12,0.27
990,3,18.11,3.14,0.17
3902,9,32.82,6.22,0.19
7,1,7.92,3.13,0.39
594,2,24.56,2.49,0.1
1808,5,9.82,4.6,0.47
1978,5,8.73,4.59,0.53
3915,9,30.88,6.18,0.2
1026,3,18.69,3.3,0.18
2150,5,10.77,4.59,0.43
1446,4,23.12,3.8,0.16
1187,3,19.08,3.21,0.17
1424,4,21.48,3.77,0.18
2266,5,10.38,4.6,0.44
612,2,25.68,2.79,0.11
923,3,18.05,3.2,0.18
2049,5,8.87,4.58,0.52
1921,5,8.17,4.6,0.56
3904,9,29.46,6.1,0.21
3314,8,19.48,3.35,0.17
1884,5,8.91,4.62,0.52
1739,4,19.29,3.76,0.19
1621,4,22.7,3.67,0.16
1124,3,20.69,3.21,0.16
2380,6,11.42,3.73,0.33
633,2,24.71,2.89,0.12
2416,6,14.35,4.1,0.29
983,3,17.44,3.07,0.18
220,1,8.03,3.34,0.42
2015,5,9.9,4.62,0.47
948,3,18.16,3.2,0.18
863,2,24.37,3.1,0.13
2222,5,8.99,4.58,0.51
1776,4,22.25,3.76,0.17
3133,7,12.44,2.66,0.21
901,3,18.05,3.2,0.18
2553,6,13.42,4.08,0.3
3586,8,17.72,3.1,0.17
46,1,8.25,3.17,0.38
2805,7,11.32,2.58,0.23
2687,6,11.11,3.85,0.35
3218,8,18.37,3.16,0.17
3889,9,31.26,6.14,0.2
4052,9,32.6,6.2,0.19
334,1,7.35,3.1,0.42
3957,9,31.04,6.15,0.2
1108,3,20.11,3.25,0.16
45,1,9.21,3.12,0.34
3375,8,18.24,3.07,0.17
996,3,16.98,3.11,0.18
2,1,8.38,3.46,0.41
2938,7,12.67,2.65,0.21
1854,5,9.85,4.59,0.47
2065,5,9.42,4.59,0.49
2851,7,13.46,2.67,0.2
1254,3,20.82,3.28,0.16
557,2,23.46,2.87,0.12
1727,4,19.43,3.85,0.2
663,2,24.1,2.43,0.1
1567,4,21.23,3.53,0.17
1237,3,18.59,3.28,0.18
673,2,23.83,3.02,0.13
2362,6,13.1,3.89,0.3
1711,4,21.22,3.92,0.18
3174,8,17.51,3.13,0.18
430,1,7.33,3.39,0.46
603,2,24.55,2.35,0.1
3578,8,18.01,3.15,0.18
685,2,25.02,2.64,0.11
247,1,7.36,3.13,0.43
3615,8,16.7,2.97,0.18
827,2,23.89,2.6,0.11
1544,4,20.27,3.68,0.18
3342,8,18.32,3.22,0.18
2915,7,12.45,2.64,0.21
3920,9,30.53,6.14,0.2
3739,9,29.78,6.11,0.21
1083,3,17.84,3.17,0.18
2465,6,12.14,3.99,0.33
2897,7,12.09,2.61,0.22
2680,6,11.28,3.74,0.33
531,2,23.52,2.41,0.1
1236,3,17.71,3.09,0.17
29,1,7.54,3.21,0.43
1266,3,17.02,3.12,0.18
3503,8,17.35,2.98,0.17
1262,3,18.42,3.16,0.17
3730,9,31.03,6.2,0.2
3422,8,16.86,3.01,0.18
1861,5,8.82,4.57,0.52
346,1,7.17,3.39,0.47
3908,9,30.72,6.1,0.2
3416,8,19.2,3.28,0.17
1458,4,22.56,3.94,0.17
2305,6,11.51,4.16,0.36
2276,6,11.21,3.99,0.36
1019,3,18.88,3.21,0.17
1395,4,22.98,3.83,0.17
868,2,24.73,2.6,0.11
400,1,6.67,3.27,0.49
949,3,18.21,3.21,0.18
2166,5,8.09,4.51,0.56
2847,7,11.02,2.54,0.23
192,1,7.05,3.21,0.45
927,3,15.94,3.12,0.2
3398,8,18.36,3.13,0.17
954,3,17.68,3.16,0.18
3832,9,31.22,6.18,0.2
2309,6,12.37,3.95,0.32
2542,6,14.56,3.98,0.27
1273,3,19.14,3.12,0.16
899,3,20.0,3.21,0.16
3273,8,18.6,3.08,0.17
1248,3,16.61,3.12,0.19
185,1,8.94,3.39,0.38
1271,3,19.54,3.19,0.16
2879,7,13.36,2.63,0.2
3809,9,33.84,6.19,0.18
2921,7,13.89,2.71,0.2
2867,7,10.33,2.55,0.25
3341,8,17.04,3.08,0.18
720,2,25.53,2.15,0.08
124,1,8.22,3.31,0.4
918,3,16.91,3.15,0.19
280,1,7.22,3.12,0.43
1906,5,8.79,4.6,0.52
3396,8,18.04,3.08,0.17
942,3,21.42,3.43,0.16
3150,8,18.23,3.2,0.18
1220,3,19.94,3.25,0.16
3098,7,13.72,2.67,0.19
505,2,23.19,2.88,0.12
2313,6,11.6,3.81,0.33
3351,8,17.97,3.18,0.18
3315,8,17.54,3.13,0.18
1656,4,23.94,3.84,0.16
3970,9,28.62,6.03,0.21
2272,6,13.44,4.09,0.3
2969,7,12.78,2.62,0.21
155,1,10.76,3.2,0.3
195,1,8.64,3.12,0.36
1477,4,20.91,3.86,0.18
2663,6,12.5,3.91,0.31
1054,3,17.78,3.19,0.18
992,3,17.98,3.17,0.18
3510,8,18.28,3.11,0.17
4001,9,32.2,6.21,0.19
2297,6,15.91,3.71,0.23
1252,3,19.91,3.26,0.16
499,2,23.62,3.17,0.13
78,1,7.68,3.41,0.44
2564,6,14.68,4.0,0.27
2981,7,14.03,2.64,0.19
474,1,7.37,3.19,0.43
524,2,23.66,3.02,0.13
1616,4,22.96,4.01,0.17
2292,6,13.81,4.16,0.3
2290,6,10.81,4.29,0.4
2778,7,12.67,2.71,0.21
1831,5,11.99,4.66,0.39
1674,4,20.68,3.74,0.18
3650,9,30.4,6.13,0.2
1901,5,9.99,4.58,0.46
2302,6,13.63,4.06,0.3
2394,6,11.92,4.08,0.34
323,1,9.13,3.32,0.36
2798,7,12.31,2.55,0.21
2551,6,11.68,4.07,0.35
3201,8,17.98,3.16,0.18
1048,3,17.39,3.11,0.18
403,1,9.31,3.39,0.36
1731,4,23.14,3.96,0.17
1769,4,23.21,4.21,0.18
1644,4,19.65,3.83,0.19
1080,3,19.49,3.19,0.16
1643,4,22.73,3.83,0.17
3083,7,11.57,2.61,0.23
1538,4,22.48,3.71,0.17
1572,4,20.32,3.64,0.18
3204,8,17.57,2.89,0.16
2083,5,9.22,4.62,0.5
801,2,24.73,2.9,0.12
1453,4,22.63,3.95,0.17
538,2,24.25,2.74,0.11
2395,6,14.24,3.87,0.27
1902,5,8.23,4.57,0.56
1715,4,22.04,3.95,0.18
26,1,7.13,3.2,0.45
1045,3,19.72,3.31,0.17
176,1,8.77,3.36,0.38
707,2,23.3,2.64,0.11
165,1,9.44,3.39,0.36
3443,8,17.17,2.97,0.17
2315,6,14.66,3.92,0.27
2182,5,7.85,4.55,0.58
1754,4,22.92,3.74,0.16
3459,8,17.95,3.06,0.17
2760,7,14.25,2.63,0.18
434,1,6.81,3.27,0.48
416,1,11.01,3.47,0.31
1989,5,7.54,4.56,0.6
1820,5,12.01,4.63,0.39
3952,9,30.66,6.15,0.2
3079,7,12.46,2.62,0.21
3862,9,33.32,6.2,0.19
2267,5,7.74,4.53,0.58
1717,4,20.67,3.87,0.19
108,1,8.26,3.18,0.39
2510,6,12.06,4.06,0.34
1434,4,22.62,4.02,0.18
1692,4,20.43,3.86,0.19
2731,7,14.7,2.73,0.19
3388,8,19.02,3.2,0.17
3156,8,17.53,3.12,0.18
678,2,23.41,2.98,0.13
2965,7,12.98,2.6,0.2
3670,9,29.93,6.09,0.2
2902,7,14.96,2.65,0.18
947,3,18.03,3.2,0.18
2945,7,12.75,2.62,0.21
2993,7,10.98,2.59,0.24
2408,6,15.16,3.86,0.25
2327,6,12.17,4.02,0.33
3938,9,32.59,6.14,0.19
3895,9,32.03,6.2,0.19
2849,7,13.58,2.64,0.19
1615,4,21.42,3.85,0.18
3664,9,29.65,6.12,0.21
516,2,24.78,2.63,0.11
1435,4,19.6,3.88,0.2
735,2,24.08,2.87,0.12
2279,6,11.5,3.86,0.34
1087,3,17.67,3.12,0.18
1401,4,20.69,3.69,0.18
244,1,6.89,3.16,0.46
1589,4,22.8,3.85,0.17
1244,3,19.13,3.22,0.17
68,1,7.16,3.2,0.45
2127,5,9.39,4.59,0.49
3684,9,31.04,6.12,0.2
3963,9,28.92,6.11,0.21
2575,6,11.85,3.94,0.33
1876,5,8.23,4.58,0.56
1860,5,10.78,4.61,0.43
4010,9,31.36,6.18,0.2
3011,7,12.48,2.7,0.22
2893,7,12.93,2.64,0.2
427,1,7.71,3.34,0.43
237,1,7.19,3.2,0.44
2725,6,11.49,3.96,0.34
2005,5,10.49,4.6,0.44
650,2,24.99,2.81,0.11
2097,5,10.6,4.64,0.44
1478,4,20.06,3.73,0.19
3173,8,17.08,3.28,0.19
2197,5,9.02,4.57,0.51
3320,8,17.11,3.11,0.18
2010,5,10.36,4.6,0.44
3365,8,16.44,2.96,0.18
2593,6,14.54,3.96,0.27
3788,9,32.55,6.1,0.19
2070,5,7.55,4.55,0.6
1894,5,10.39,4.62,0.45
1963,5,7.82,4.59,0.59
3151,8,16.58,3.04,0.18
3595,8,16.99,3.0,0.18
2009,5,9.5,4.63,0.49
3933,9,31.59,6.2,0.2
2177,5,8.81,4.56,0.52
3525,8,16.7,2.99,0.18
3126,7,13.97,2.61,0.19
2493,6,10.14,4.02,0.4
769,2,25.25,2.72,0.11
1056,3,20.39,3.41,0.17
3522,8,18.69,3.26,0.17
3894,9,31.0,6.15,0.2
3498,8,16.1,3.08,0.19
526,2,24.52,2.77,0.11
1007,3,19.08,3.3,0.17
660,2,25.62,2.6,0.1
3621,8,17.23,3.2,0.19
275,1,9.47,3.53,0.37
4035,9,33.14,6.21,0.19
4059,9,29.44,6.07,0.21
3214,8,18.32,3.18,0.17
4044,9,31.33,6.17,0.2
1706,4,21.8,3.93,0.18
3196,8,17.47,3.06,0.18
181,1,7.55,3.16,0.42
2523,6,12.46,3.87,0.31
3474,8,18.48,3.01,0.16
2563,6,13.54,3.84,0.28
2496,6,13.23,4.06,0.31
1437,4,20.22,3.8,0.19
2692,6,15.14,3.95,0.26
3620,8,17.98,3.17,0.18
2671,6,12.11,4.02,0.33
3672,9,32.87,6.23,0.19
3343,8,17.63,3.14,0.18
2631,6,10.99,3.94,0.36
1091,3,17.69,3.18,0.18
1480,4,21.33,3.89,0.18
1482,4,20.15,3.85,0.19
3567,8,16.14,2.98,0.18
2342,6,13.05,3.94,0.3
547,2,25.36,2.82,0.11
2606,6,13.78,4.08,0.3
3270,8,17.45,3.12,0.18
3035,7,12.08,2.63,0.22
1188,3,18.07,3.14,0.17
830,2,24.65,2.58,0.1
1285,3,18.89,3.17,0.17
2136,5,10.4,4.58,0.44
3364,8,17.81,3.2,0.18
110,1,7.02,3.25,0.46
2401,6,15.74,4.13,0.26
2682,6,10.09,3.92,0.39
3879,9,32.4,6.17,0.19
955,3,16.53,3.18,0.19
967,3,18.0,3.25,0.18
2108,5,9.34,4.56,0.49
2475,6,13.48,4.2,0.31
3661,9,28.15,6.07,0.22
2763,7,12.68,2.55,0.2
2625,6,11.18,4.01,0.36
889,2,23.75,2.4,0.1
3041,7,12.04,2.59,0.21
2308,6,12.52,3.78,0.3
1586,4,19.76,3.83,0.19
2169,5,8.96,4.58,0.51
1554,4,22.12,3.86,0.17
1052,3,19.17,3.26,0.17
2548,6,11.3,3.95,0.35
1641,4,20.67,3.83,0.19
2890,7,14.2,2.68,0.19
2003,5,9.41,4.56,0.48
2960,7,13.28,2.64,0.2
2701,6,13.19,3.88,0.29
3054,7,11.54,2.6,0.23
2771,7,13.25,2.67,0.2
3966,9,28.65,6.08,0.21
682,2,24.42,2.6,0.11
586,2,23.74,2.75,0.12
2184,5,9.69,4.58,0.47
57,1,8.03,3.29,0.41
2085,5,11.93,4.62,0.39
1930,5,7.9,4.56,0.58
1907,5,8.23,4.61,0.56
1509,4,20.46,3.9,0.19
4047,9,32.37,6.23,0.19
1479,4,23.53,3.83,0.16
497,2,24.54,2.66,0.11
998,3,17.95,3.22,0.18
3694,9,31.21,6.16,0.2
2479,6,13.14,3.88,0.29
3243,8,17.43,3.25,0.19
1145,3,17.48,3.14,0.18
3686,9,32.23,6.17,0.19
3585,8,17.28,2.99,0.17
2473,6,13.04,4.1,0.31
931,3,17.21,3.16,0.18
1152,3,19.32,3.2,0.17
941,3,19.74,3.19,0.16
515,2,24.31,2.69,0.11
2131,5,8.72,4.55,0.52
2678,6,9.41,3.93,0.42
548,2,24.44,2.72,0.11
1841,5,10.38,4.52,0.44
794,2,23.3,2.74,0.12
1629,4,22.3,4.05,0.18
3572,8,17.41,3.05,0.18
4066,9,29.48,6.11,0.21
1326,3,17.15,3.14,0.18
745,2,23.22,2.45,0.11
2460,6,14.02,3.95,0.28
1867,5,8.83,4.56,0.52
113,1,9.58,3.29,0.34
3554,8,17.69,3.15,0.18
472,1,7.09,3.18,0.45
361,1,7.76,3.24,0.42
1257,3,18.51,3.19,0.17
718,2,24.05,2.3,0.1
1491,4,22.76,3.66,0.16
3111,7,11.36,2.66,0.23
2780,7,11.29,2.55,0.23
907,3,17.74,3.18,0.18
943,3,17.23,3.13,0.18
3502,8,17.72,3.21,0.18
2825,7,15.33,2.68,0.17
3814,9,32.13,6.18,0.19
320,1,9.27,3.36,0.36
3386,8,18.09,3.18,0.18
424,1,8.47,3.25,0.38
2343,6,14.12,4.14,0.29
3157,8,18.16,3.11,0.17
3969,9,31.58,6.18,0.2
2228,5,8.53,4.57,0.54
2391,6,11.53,4.12,0.36
1850,5,10.53,4.6,0.44
2058,5,11.15,4.61,0.41
3921,9,32.34,6.18,0.19
219,1,9.33,3.36,0.36
449,1,7.57,3.26,0.43
1639,4,24.09,3.66,0.15
1564,4,22.53,3.76,0.17
2482,6,12.63,4.1,0.32
1816,5,9.58,4.6,0.48
2270,6,13.53,4.1,0.3
1382,4,22.63,3.82,0.17
881,2,24.28,2.73,0.11
2533,6,11.78,3.97,0.34
167,1,9.59,3.31,0.35
711,2,25.02,3.04,0.12
250,1,8.95,3.26,0.36
3096,7,14.51,2.63,0.18
1508,4,22.45,3.75,0.17
1542,4,20.49,3.79,0.18
90,1,6.79,3.18,0.47
198,1,7.46,3.31,0.44
1104,3,17.02,3.08,0.18
2179,5,12.32,4.59,0.37
534,2,23.83,2.93,0.12
3303,8,18.0,2.97,0.17
1536,4,23.52,3.91,0.17
2576,6,15.03,4.12,0.27
501,2,25.46,2.93,0.12
196,1,7.04,3.37,0.48
1493,4,23.56,3.89,0.16
2051,5,10.41,4.6,0.44
1513,4,21.1,3.88,0.18
2214,5,7.79,4.58,0.59
2330,6,15.99,4.12,0.26
3330,8,18.74,3.16,0.17
614,2,24.58,2.67,0.11
1518,4,19.78,3.7,0.19
1399,4,20.34,3.76,0.18
1270,3,17.09,3.29,0.19
1598,4,22.3,3.87,0.17
2202,5,8.14,4.52,0.56
2379,6,10.09,4.16,0.41
3726,9,33.17,6.2,0.19
1577,4,23.48,3.7,0.16
1789,4,21.83,3.95,0.18
2277,6,15.8,4.06,0.26
860,2,23.64,3.15,0.13
2866,7,13.32,2.57,0.19
1874,5,8.02,4.54,0.57
3405,8,16.16,3.07,0.19
1347,3,17.91,3.07,0.17
377,1,8.26,3.26,0.39
287,1,8.94,3.18,0.36
3989,9,32.82,6.2,0.19
126,1,9.99,3.42,0.34
2611,6,12.4,4.09,0.33
2569,6,13.14,4.22,0.32
2791,7,13.78,2.67,0.19
1327,3,18.59,3.15,0.17
2224,5,10.39,4.58,0.44
3813,9,30.16,6.09,0.2
2244,5,11.51,4.6,0.4
3104,7,14.65,2.65,0.18
2470,6,11.7,4.19,0.36
2736,7,12.71,2.6,0.2
2820,7,14.01,2.66,0.19
92,1,8.54,3.08,0.36
4024,9,30.1,6.13,0.2
2550,6,14.18,3.81,0.27
2268,5,10.25,4.6,0.45
813,2,24.22,2.97,0.12
2722,6,11.61,4.02,0.35
852,2,24.81,2.67,0.11
1863,5,8.93,4.53,0.51
4051,9,30.61,6.12,0.2
2229,5,9.38,4.58,0.49
321,1,7.05,3.24,0.46
2442,6,10.88,3.81,0.35
265,1,8.92,3.24,0.36
1194,3,17.11,3.11,0.18
2387,6,12.0,3.99,0.33
2358,6,11.42,4.02,0.35
3077,7,12.88,2.6,0.2
2901,7,13.35,2.62,0.2
3403,8,16.88,3.12,0.18
2699,6,13.59,4.14,0.3
1975,5,8.28,4.55,0.55
22,1,6.67,3.31,0.5
227,1,8.95,3.27,0.36
1699,4,22.98,3.66,0.16
906,3,17.96,3.17,0.18
2666,6,13.12,4.06,0.31
3983,9,29.92,6.08,0.2
154,1,7.19,3.14,0.44
2861,7,11.76,2.61,0.22
1855,5,7.83,4.57,0.58
3622,8,19.01,3.04,0.16
1664,4,22.16,3.84,0.17
3604,8,18.64,3.32,0.18
1486,4,23.55,3.75,0.16
3719,9,32.66,6.16,0.19
262,1,8.71,3.36,0.39
744,2,24.06,3.07,0.13
2882,7,13.29,2.61,0.2
147,1,7.34,3.16,0.43
2831,7,14.44,2.61,0.18
1288,3,18.38,3.18,0.17
3892,9,31.32,6.13,0.2
3460,8,18.53,3.16,0.17
1227,3,20.14,3.17,0.16
1142,3,19.5,3.31,0.17
1540,4,21.52,3.78,0.18
1714,4,22.88,4.1,0.18
1348,3,19.62,3.41,0.17
2471,6,10.32,3.96,0.38
3700,9,32.0,6.22,0.19
3658,9,29.72,6.05,0.2
3767,9,30.54,6.11,0.2
1232,3,20.04,3.23,0.16
786,2,23.86,2.5,0.1
2053,5,9.98,4.6,0.46
2025,5,8.57,4.54,0.53
2445,6,13.58,4.22,0.31
3972,9,29.12,6.08,0.21
3259,8,18.58,3.15,0.17
2439,6,14.93,3.91,0.26
1182,3,20.45,3.3,0.16
3129,7,10.91,2.64,0.24
2489,6,10.43,4.02,0.39
1840,5,7.48,4.54,0.61
1977,5,9.6,4.55,0.47
659,2,24.63,2.38,0.1
277,1,6.75,3.22,0.48
2982,7,12.4,2.66,0.21
1566,4,22.41,3.88,0.17
902,3,21.6,3.34,0.15
3986,9,32.06,6.19,0.19
3137,7,13.61,2.67,0.2
3473,8,18.62,3.12,0.17
1159,3,18.46,3.16,0.17
1847,5,7.99,4.57,0.57
836,2,23.97,3.14,0.13
3588,8,16.85,3.02,0.18
3873,9,29.72,6.11,0.21
445,1,6.72,3.19,0.48
1523,4,22.6,3.79,0.17
3507,8,18.45,3.3,0.18
2744,7,13.92,2.63,0.19
3227,8,18.91,3.22,0.17
405,1,7.92,3.38,0.43
1853,5,9.81,4.55,0.46
2034,5,11.18,4.62,0.41
118,1,7.75,3.32,0.43
4023,9,30.07,6.17,0.21
1755,4,21.79,4.0,0.18
2167,5,8.89,4.55,0.51
3055,7,12.48,2.66,0.21
3488,8,16.43,3.04,0.18
1389,4,23.7,4.05,0.17
737,2,24.66,2.88,0.12
1675,4,20.8,3.87,0.19
3618,8,18.35,3.01,0.16
3535,8,17.63,3.2,0.18
604,2,25.46,3.36,0.13
972,3,19.16,3.32,0.17
3127,7,14.41,2.65,0.18
3500,8,18.46,3.06,0.17
1773,4,22.48,3.7,0.16
1596,4,20.27,3.82,0.19
770,2,23.62,2.72,0.12
1371,4,22.61,3.84,0.17
1614,4,23.29,3.92,0.17
1150,3,16.68,3.11,0.19
1993,5,12.17,4.57,0.38
1490,4,22.73,3.85,0.17
2514,6,10.25,4.17,0.41
2437,6,14.72,3.85,0.26
2552,6,11.58,3.89,0.34
3339,8,17.68,2.83,0.16
1494,4,19.58,3.87,0.2
1280,3,18.19,3.23,0.18
1652,4,22.77,4.05,0.18
281,1,7.05,3.34,0.47
1888,5,11.96,4.63,0.39
383,1,8.92,3.24,0.36
2037,5,8.03,4.56,0.57
1823,5,9.35,4.59,0.49
1177,3,17.32,3.16,0.18
2799,7,14.58,2.63,0.18
2998,7,12.96,2.57,0.2
3397,8,17.72,3.05,0.17
2156,5,8.94,4.54,0.51
2174,5,7.7,4.56,0.59
2992,7,12.85,2.61,0.2
3052,7,14.25,2.66,0.19
1623,4,23.46,3.97,0.17
3108,7,13.74,2.65,0.19
3701,9,30.15,6.13,0.2
3750,9,29.04,6.05,0.21
772,2,23.94,2.82,0.12
2536,6,14.26,4.11,0.29
2421,6,11.77,3.96,0.34
1129,3,17.58,3.18,0.18
783,2,24.2,2.65,0.11
3221,8,17.44,3.2,0.18
3148,8,16.47,3.15,0.19
1583,4,21.11,4.04,0.19
890,2,24.71,2.74,0.11
3143,7,14.66,2.63,0.18
3514,8,18.25,3.12,0.17
2137,5,8.63,4.57,0.53
1562,4,22.49,3.89,0.17
1939,5,7.82,4.56,0.58
1570,4,20.25,3.75,0.19
1761,4,19.31,3.75,0.19
3119,7,10.65,2.61,0.24
3131,7,12.05,2.53,0.21
1552,4,22.22,3.75,0.17
1606,4,21.74,3.93,0.18
3856,9,32.91,6.17,0.19
3890,9,33.39,6.23,0.19
2368,6,13.55,3.86,0.29
2608,6,9.38,4.05,0.43
2782,7,14.38,2.61,0.18
1690,4,22.63,3.95,0.17
3425,8,19.28,3.18,0.16
1933,5,9.82,4.57,0.47
630,2,24.86,2.46,0.1
3976,9,32.21,6.18,0.19
961,3,17.86,3.26,0.18
2592,6,11.97,4.08,0.34
2129,5,12.19,4.58,0.38
1677,4,22.12,3.83,0.17
266,1,8.02,3.28,0.41
809,2,24.67,2.87,0.12
1685,4,20.14,3.72,0.18
3704,9,30.72,6.1,0.2
168,1,8.63,3.26,0.38
2113,5,11.14,4.61,0.41
2561,6,12.83,4.19,0.33
1235,3,17.93,3.19,0.18
2883,7,14.76,2.67,0.18
2407,6,12.04,4.06,0.34
1488,4,21.65,3.68,0.17
2072,5,8.51,4.57,0.54
3875,9,32.75,6.17,0.19
1332,3,17.11,3.2,0.19
1060,3,20.27,3.36,0.17
3854,9,31.17,6.17,0.2
2749,7,13.25,2.66,0.2
1112,3,18.64,3.24,0.17
1682,4,19.67,3.92,0.2
6,1,9.42,3.33,0.35
3169,8,16.69,3.1,0.19
3610,8,16.06,2.87,0.18
3433,8,17.23,3.1,0.18
1422,4,23.64,4.11,0.17
2751,7,13.34,2.62,0.2
331,1,8.27,3.15,0.38
3642,9,29.89,6.1,0.2
908,3,21.29,3.32,0.16
3483,8,17.93,3.05,0.17
825,2,23.05,2.52,0.11
3329,8,17.65,3.11,0.18
2586,6,12.36,3.84,0.31
374,1,8.57,3.16,0.37
1317,3,18.24,3.13,0.17
3590,8,18.75,2.93,0.16
440,1,8.98,3.25,0.36
2201,5,8.8,4.57,0.52
1085,3,19.03,3.2,0.17
1892,5,9.45,4.6,0.49
522,2,24.59,2.67,0.11
3602,8,19.28,3.1,0.16
3424,8,16.55,3.12,0.19
3284,8,17.62,2.9,0.16
59,1,7.61,3.29,0.43
3088,7,14.89,2.67,0.18
2603,6,15.9,4.13,0.26
1450,4,22.62,3.51,0.16
3289,8,16.98,3.03,0.18
17,1,8.17,3.3,0.4
1445,4,22.58,3.84,0.17
4038,9,32.4,6.26,0.19
2485,6,11.34,4.05,0.36
141,1,9.57,3.33,0.35
1076,3,18.68,3.23,0.17
2933,7,14.82,2.62,0.18
618,2,24.63,3.1,0.13
3562,8,17.31,3.29,0.19
867,2,25.1,2.77,0.11
4002,9,29.97,6.06,0.2
3198,8,18.65,3.13,0.17
1722,4,24.31,3.65,0.15
3135,7,14.37,2.63,0.18
876,2,24.89,2.81,0.11
1555,4,23.6,3.64,0.15
3557,8,17.89,3.08,0.17
1094,3,16.5,3.17,0.19
23,1,8.25,3.32,0.4
2979,7,13.07,2.6,0.2
3122,7,14.17,2.7,0.19
784,2,23.33,3.0,0.13
3132,7,14.01,2.59,0.18
1696,4,20.96,3.89,0.19
795,2,24.85,2.81,0.11
3598,8,16.56,3.05,0.18
716,2,25.25,2.9,0.11
1164,3,16.91,3.1,0.18
810,2,24.82,2.92,0.12
1982,5,9.21,4.61,0.5
1038,3,19.47,3.23,0.17
1428,4,22.13,3.9,0.18
719,2,24.6,2.52,0.1
2803,7,11.9,2.61,0.22
2048,5,11.9,4.63,0.39
11,1,10.27,3.16,0.31
1066,3,18.57,3.28,0.18
3442,8,17.38,3.1,0.18
2806,7,13.93,2.67,0.19
2101,5,10.51,4.58,0.44
3410,8,18.48,2.97,0.16
1882,5,8.27,4.54,0.55
1824,5,11.72,4.6,0.39
296,1,7.55,3.34,0.44
456,1,6.96,3.25,0.47
3935,9,29.9,6.15,0.21
753,2,24.58,2.58,0.11
3007,7,14.2,2.59,0.18
3467,8,18.37,3.19,0.17
3061,7,13.66,2.66,0.19
859,2,25.02,2.74,0.11
173,1,6.9,3.14,0.45
1942,5,11.87,4.62,0.39
3639,9,28.69,6.08,0.21
2970,7,14.11,2.65,0.19
3831,9,30.94,6.16,0.2
1928,5,9.84,4.59,0.47
1531,4,21.34,3.77,0.18
2337,6,13.54,3.87,0.29
2642,6,13.1,3.98,0.3
2765,7,12.76,2.59,0.2
1006,3,18.34,3.11,0.17
596,2,25.32,2.92,0.12
1532,4,21.23,3.65,0.17
2159,5,8.53,4.57,0.54
3549,8,17.8,3.03,0.17
1281,3,17.7,3.21,0.18
3543,8,17.64,3.11,0.18
1301,3,19.75,3.21,0.16
578,2,23.51,2.3,0.1
2511,6,14.06,3.88,0.28
432,1,9.45,3.34,0.35
218,1,8.92,3.4,0.38
493,2,23.75,3.0,0.13
3820,9,31.17,6.15,0.2
1484,4,22.6,3.87,0.17
1359,4,22.82,3.84,0.17
3458,8,17.81,3.15,0.18
581,2,25.47,2.94,0.12
3004,7,12.09,2.66,0.22
1381,4,21.31,3.78,0.18
2314,6,13.62,4.14,0.3
1547,4,22.93,3.9,0.17
2706,6,13.82,3.93,0.28
4014,9,30.99,6.11,0.2
1436,4,20.85,3.8,0.18
1642,4,22.62,3.79,0.17
1409,4,20.38,3.69,0.18
3113,7,13.26,2.66,0.2
2829,7,14.12,2.62,0.19
3757,9,31.73,6.15,0.19
114,1,8.72,3.22,0.37
3317,8,16.77,3.18,0.19
1691,4,23.23,4.06,0.17
3292,8,17.47,3.15,0.18
3591,8,17.74,3.28,0.18
1990,5,7.78,4.58,0.59
1168,3,20.47,3.13,0.15
454,1,8.47,3.32,0.39
3352,8,17.34,3.06,0.18
3235,8,18.05,2.8,0.16
3022,7,11.71,2.6,0.22
77,1,9.3,3.17,0.34
3528,8,17.99,2.98,0.17
3367,8,18.08,3.03,0.17
1092,3,20.96,3.4,0.16
3793,9,31.37,6.19,0.2
3490,8,17.96,3.15,0.18
1031,3,20.22,3.16,0.16
2728,7,14.51,2.62,0.18
822,2,24.62,2.33,0.09
802,2,23.85,2.76,0.12
1829,5,8.73,4.56,0.52
624,2,24.72,3.17,0.13
2972,7,13.37,2.69,0.2
1078,3,20.29,3.25,0.16
1913,5,10.95,4.62,0.42
3480,8,17.06,3.08,0.18
541,2,25.19,2.9,0.12
747,2,24.71,2.54,0.1
1132,3,18.75,3.26,0.17
3465,8,17.4,3.22,0.18
1169,3,18.91,3.2,0.17
3331,8,18.36,3.38,0.18
579,2,23.46,2.64,0.11
1703,4,23.33,3.68,0.16
1891,5,10.75,4.62,0.43
1592,4,23.09,3.92,0.17
2836,7,12.31,2.63,0.21
3625,9,32.52,6.23,0.19
1309,3,19.41,3.24,0.17
2355,6,12.75,4.1,0.32
588,2,23.05,2.86,0.12
193,1,9.18,3.43,0.37
358,1,8.67,3.31,0.38
3400,8,17.7,2.82,0.16
2357,6,13.63,3.96,0.29
2913,7,12.93,2.64,0.2
3848,9,32.15,6.13,0.19
1759,4,20.42,3.91,0.19
3534,8,16.99,3.04,0.18
2640,6,16.52,3.96,0.24
3030,7,12.35,2.61,0.21
2645,6,14.85,4.19,0.28
3579,8,19.16,3.07,0.16
1249,3,20.48,3.25,0.16
1550,4,21.4,3.76,0.18
2281,6,12.55,3.98,0.32
2989,7,15.01,2.61,0.17
3759,9,32.51,6.21,0.19
1455,4,19.64,3.9,0.2
1294,3,20.89,3.36,0.16
2677,6,12.93,4.03,0.31
651,2,24.1,2.69,0.11
2650,6,15.37,4.16,0.27
3344,8,17.3,3.02,0.17
103,1,9.41,3.31,0.35
3796,9,29.13,6.1,0.21
1865,5,10.1,4.64,0.46
1810,5,8.33,4.58,0.55
1082,3,18.1,3.18,0.18
1330,3,20.32,3.28,0.16
2285,6,12.2,4.0,0.33
471,1,8.42,3.15,0.37
2927,7,13.76,2.61,0.19
2067,5,8.32,4.55,0.55
3584,8,17.27,3.23,0.19
2274,6,13.86,3.95,0.28
2809,7,12.74,2.61,0.2
2461,6,14.75,4.22,0.29
3229,8,18.94,3.36,0.18
3721,9,32.12,6.12,0.19
1166,3,18.5,3.19,0.17
3001,7,15.41,2.67,0.17
2652,6,13.41,3.86,0.29
3901,9,32.82,6.21,0.19
3570,8,17.72,3.24,0.18
3307,8,17.82,3.28,0.18
97,1,8.94,3.29,0.37
2195,5,8.54,4.6,0.54
2019,5,8.64,4.59,0.53
4055,9,31.96,6.19,0.19
1790,4,19.84,3.77,0.19
1018,3,17.87,3.21,0.18
2472,6,11.51,4.13,0.36
856,2,24.2,2.57,0.11
2349,6,15.56,3.89,0.25
2250,5,9.73,4.61,0.47
1021,3,18.65,3.2,0.17
668,2,25.01,2.6,0.1
1757,4,21.52,3.9,0.18
3891,9,28.56,6.05,0.21
1846,5,10.79,4.57,0.42
2064,5,10.31,4.59,0.45
1724,4,22.2,3.79,0.17
2249,5,7.77,4.55,0.59
3827,9,31.91,6.23,0.2
2811,7,13.27,2.58,0.19
290,1,7.05,3.24,0.46
1298,3,19.33,3.17,0.16
2605,6,12.78,4.21,0.33
2171,5,9.68,4.58,0.47
1705,4,19.2,3.76,0.2
3964,9,30.49,6.1,0.2
2449,6,12.13,4.03,0.33
2377,6,12.42,4.15,0.33
3956,9,32.08,6.15,0.19
1099,3,20.83,3.19,0.15
1380,4,20.54,3.91,0.19
467,1,8.18,3.25,0.4
3852,9,29.88,6.12,0.2
3710,9,30.12,6.08,0.2
3874,9,31.55,6.12,0.19
3251,8,17.87,2.93,0.16
131,1,8.62,3.24,0.38
3017,7,15.19,2.69,0.18
595,2,24.0,3.07,0.13
3025,7,13.44,2.71,0.2
3091,7,14.23,2.65,0.19
1134,3,16.85,3.18,0.19
3882,9,32.94,6.19,0.19
680,2,23.48,2.74,0.12
552,2,23.49,2.33,0.1
963,3,19.0,3.18,0.17
542,2,24.75,2.67,0.11
1610,4,20.62,3.89,0.19
56,1,6.94,3.29,0.47
1034,3,18.66,3.06,0.16
1760,4,23.32,3.91,0.17
3716,9,31.55,6.16,0.2
461,1,8.5,3.4,0.4
1044,3,19.26,3.14,0.16
3623,8,17.97,3.35,0.19
757,2,23.35,2.33,0.1
3431,8,18.54,3.28,0.18
407,1,7.21,3.26,0.45
1072,3,17.25,3.26,0.19
1189,3,17.63,3.16,0.18
3753,9,33.03,6.22,0.19
476,2,23.27,2.43,0.1
3012,7,11.41,2.66,0.23
2919,7,14.92,2.7,0.18
338,1,8.46,3.28,0.39
3644,9,29.5,6.16,0.21
4042,9,31.34,6.17,0.2
840,2,24.87,2.48,0.1
1279,3,18.14,3.25,0.18
1812,5,9.47,4.62,0.49
73,1,8.53,3.39,0.4
1125,3,19.02,3.33,0.18
1514,4,18.94,3.87,0.2
3144,7,13.17,2.68,0.2
341,1,8.82,3.25,0.37
1385,4,19.32,3.93,0.2
3101,7,14.45,2.69,0.19
558,2,24.89,2.77,0.11
3240,8,19.01,2.89,0.15
1733,4,21.44,3.96,0.18
3774,9,32.18,6.19,0.19
664,2,24.8,2.46,0.1
2704,6,10.98,4.09,0.37
1138,3,20.55,3.21,0.16
2142,5,10.02,4.58,0.46
2739,7,14.06,2.59,0.18
1283,3,21.02,3.35,0.16
1732,4,22.81,3.87,0.17
2646,6,16.57,3.99,0.24
3423,8,18.66,3.21,0.17
3804,9,33.19,6.2,0.19
644,2,24.96,2.48,0.1
2574,6,14.21,3.82,0.27
767,2,24.76,2.75,0.11
2078,5,9.05,4.55,0.5
3722,9,33.86,6.23,0.18
3095,7,11.68,2.6,0.22
1323,3,19.27,3.24,0.17
2204,5,11.39,4.62,0.41
1109,3,17.87,3.11,0.17
3821,9,31.22,6.19,0.2
3816,9,30.75,6.17,0.2
2052,5,9.18,4.61,0.5
2480,6,15.15,4.07,0.27
1090,3,16.19,3.13,0.19
879,2,23.79,3.17,0.13
2834,7,13.4,2.71,0.2
1131,3,19.94,3.19,0.16
1903,5,8.56,4.57,0.53
2637,6,13.22,3.89,0.29
2911,7,9.77,2.6,0.27
294,1,9.17,3.38,0.37
2397,6,12.06,3.84,0.32
404,1,8.89,3.21,0.36
666,2,23.79,2.77,0.12
4072,9,32.27,6.2,0.19
2772,7,14.22,2.59,0.18
228,1,8.1,3.26,0.4
3792,9,29.23,6.1,0.21
2242,5,9.62,4.55,0.47
3749,9,29.95,6.1,0.2
3709,9,30.92,6.13,0.2
3740,9,33.07,6.23,0.19
2674,6,12.29,3.87,0.31
806,2,22.86,2.65,0.12
3064,7,14.19,2.66,0.19
3948,9,31.44,6.14,0.2
1929,5,8.97,4.58,0.51
298,1,8.59,3.19,0.37
30,1,10.81,3.26,0.3
2157,5,8.49,4.58,0.54
1612,4,22.19,4.07,0.18
1037,3,19.55,3.2,0.16
3497,8,17.66,3.1,0.18
3524,8,15.98,3.1,0.19
2254,5,11.35,4.68,0.41
1580,4,23.1,3.95,0.17
143,1,6.98,3.34,0.48
2307,6,11.15,3.95,0.35
271,1,7.49,3.08,0.41
382,1,6.6,3.17,0.48
42,1,7.52,3.15,0.42
3660,9,33.2,6.23,0.19
380,1,7.57,3.16,0.42
2427,6,14.43,4.02,0.28
2344,6,11.41,3.99,0.35
3885,9,32.97,6.19,0.19
3517,8,18.94,2.96,0.16
486,2,23.78,2.48,0.1
1414,4,21.71,3.75,0.17
3515,8,17.42,2.97,0.17
3912,9,32.4,6.19,0.19
3527,8,18.64,3.11,0.17
2684,6,11.28,4.12,0.36
2790,7,13.46,2.69,0.2
525,2,23.64,2.55,0.11
289,1,6.58,3.15,0.48
1925,5,8.6,4.56,0.53
3049,7,13.31,2.63,0.2
3791,9,29.97,6.11,0.2
66,1,7.34,3.25,0.44
3188,8,18.5,3.26,0.18
3533,8,18.14,3.24,0.18
1202,3,18.53,3.2,0.17
821,2,24.04,2.47,0.1
1297,3,17.93,3.19,0.18
981,3,18.02,3.22,0.18
543,2,23.7,2.93,0.12
1230,3,17.56,3.2,0.18
3260,8,17.7,2.97,0.17
3262,8,18.17,3.19,0.18
1217,3,17.57,3.26,0.19
631,2,24.3,3.16,0.13
730,2,23.64,2.74,0.12
1079,3,18.3,3.18,0.17
4013,9,31.3,6.12,0.2
1378,4,23.12,3.83,0.17
3355,8,18.04,3.14,0.17
3018,7,14.44,2.68,0.19
478,2,25.16,2.87,0.11
2822,7,12.78,2.62,0.21
1895,5,9.49,4.6,0.48
157,1,6.5,3.17,0.49
3766,9,31.67,6.17,0.19
1398,4,23.42,3.83,0.16
16,1,6.64,3.2,0.48
2066,5,8.63,4.6,0.53
880,2,25.0,2.81,0.11
2237,5,11.49,4.58,0.4
3236,8,17.42,3.09,0.18
989,3,16.52,3.17,0.19
2617,6,13.64,3.87,0.28
911,3,17.94,3.14,0.17
2784,7,13.12,2.63,0.2
1832,5,8.78,4.57,0.52
2949,7,13.49,2.67,0.2
3213,8,17.55,2.93,0.17
3806,9,29.99,6.11,0.2
3923,9,32.29,6.16,0.19
412,1,8.19,3.21,0.39
2848,7,13.2,2.66,0.2
1143,3,18.11,3.23,0.18
229,1,7.07,3.27,0.46
1998,5,10.86,4.61,0.42
3847,9,31.83,6.13,0.19
1404,4,23.9,4.24,0.18
1239,3,18.66,3.21,0.17
2497,6,14.42,4.03,0.28
123,1,10.58,3.38,0.32
3438,8,18.4,3.03,0.16
3472,8,17.96,3.02,0.17
1075,3,20.93,3.33,0.16
1689,4,22.07,3.57,0.16
1403,4,19.5,3.68,0.19
3817,9,33.47,6.26,0.19
2755,7,11.22,2.62,0.23
234,1,7.74,3.16,0.41
2865,7,13.94,2.62,0.19
1496,4,22.91,3.97,0.17
1701,4,21.45,3.89,0.18
1748,4,22.02,3.87,0.18
1376,4,22.81,3.63,0.16
116,1,8.04,3.29,0.41
122,1,7.18,3.41,0.48
2226,5,12.62,4.6,0.36
1849,5,10.28,4.57,0.44
63,1,9.74,3.26,0.34
1837,5,8.39,4.56,0.54
2662,6,12.03,4.16,0.35
2876,7,11.47,2.59,0.23
1153,3,19.99,3.18,0.16
3197,8,19.12,3.08,0.16
1199,3,18.83,3.16,0.17
2073,5,9.04,4.55,0.5
610,2,24.37,2.74,0.11
561,2,24.74,2.84,0.11
1097,3,18.09,3.26,0.18
2870,7,13.37,2.66,0.2
1122,3,16.61,3.17,0.19
3008,7,13.31,2.56,0.19
2450,6,11.4,3.94,0.35
864,2,24.45,2.88,0.12
4067,9,31.22,6.15,0.2
763,2,24.62,2.52,0.1
781,2,25.36,3.04,0.12
1173,3,16.72,3.04,0.18
2856,7,11.21,2.63,0.23
1081,3,18.42,3.16,0.17
3624,8,18.03,3.04,0.17
1418,4,23.59,3.75,0.16
1366,4,21.56,3.93,0.18
3378,8,18.71,3.18,0.17
1948,5,7.83,4.52,0.58
360,1,8.59,3.18,0.37
2425,6,15.43,3.99,0.26
2504,6,14.77,4.19,0.28
3805,9,29.75,6.12,0.21
2509,6,14.93,3.92,0.26
1965,5,9.45,4.59,0.49
2558,6,11.67,3.87,0.33
776,2,23.95,2.41,0.1
2478,6,13.57,4.2,0.31
858,2,24.56,2.33,0.1
2106,5,10.08,4.63,0.46
1919,5,7.96,4.58,0.58
1476,4,24.04,3.76,0.16
137,1,9.62,3.23,0.34
1005,3,21.24,3.31,0.16
1595,4,21.98,3.91,0.18
340,1,7.06,3.28,0.46
2301,6,13.59,4.04,0.3
3267,8,18.11,3.17,0.18
2481,6,12.45,3.9,0.31
1666,4,23.93,3.68,0.15
1367,4,21.8,3.8,0.17
2634,6,10.91,3.9,0.36
2660,6,12.53,4.0,0.32
3819,9,29.84,6.03,0.2
433,1,7.19,3.15,0.44
3849,9,28.81,6.1,0.21
3414,8,16.36,3.06,0.19
2319,6,15.35,3.94,0.26
1481,4,20.55,3.8,0.18
3783,9,32.08,6.24,0.19
1607,4,22.07,3.72,0.17
4041,9,32.1,6.21,0.19
3996,9,30.77,6.09,0.2
1338,3,18.31,3.2,0.17
605,2,24.75,2.32,0.09
2717,6,12.16,3.8,0.31
2503,6,11.19,4.25,0.38
3020,7,12.09,2.72,0.22
1275,3,19.89,3.16,0.16
3540,8,18.22,3.11,0.17
2873,7,11.52,2.65,0.23
613,2,24.86,2.85,0.11
1429,4,22.15,3.68,0.17
1905,5,8.53,4.6,0.54
145,1,6.68,3.23,0.48
1161,3,16.65,3.08,0.18
3348,8,16.62,3.07,0.18
3653,9,30.43,6.1,0.2
210,1,6.68,3.2,0.48
1571,4,21.76,3.77,0.17
1565,4,19.75,3.63,0.18
2245,5,10.71,4.6,0.43
591,2,24.97,2.53,0.1
2582,6,12.96,4.03,0.31
324,1,7.24,3.25,0.45
3457,8,19.25,3.21,0.17
0,1,10.66,3.45,0.32
1324,3,18.87,3.32,0.18
2734,7,11.45,2.66,0.23
1856,5,7.83,4.55,0.58
3818,9,33.25,6.18,0.19
1269,3,18.19,3.12,0.17
1368,4,21.57,3.88,0.18
3390,8,17.9,3.18,0.18
2118,5,10.53,4.61,0.44
2012,5,10.64,4.62,0.43
598,2,23.58,2.58,0.11
2180,5,12.2,4.61,0.38
310,1,8.17,3.28,0.4
2665,6,13.3,3.93,0.3
945,3,19.05,3.15,0.17
1050,3,19.14,3.32,0.17
887,2,24.71,3.58,0.14
460,1,6.9,3.18,0.46
2261,5,7.93,4.56,0.58
2920,7,11.03,2.58,0.23
1994,5,9.2,4.57,0.5
2710,6,14.22,4.07,0.29
1071,3,17.31,3.12,0.18
492,2,24.44,2.75,0.11
3626,9,30.18,6.13,0.2
1734,4,20.63,3.85,0.19
3532,8,16.54,2.99,0.18
2403,6,12.79,3.75,0.29
1175,3,17.39,3.1,0.18
364,1,7.52,3.09,0.41
3380,8,18.05,3.05,0.17
444,1,10.15,3.33,0.33
249,1,8.41,3.31,0.39
4065,9,32.83,6.2,0.19
2948,7,13.45,2.68,0.2
3717,9,32.59,6.24,0.19
111,1,8.15,3.27,0.4
2732,7,14.28,2.68,0.19
3332,8,17.87,2.97,0.17
1130,3,19.55,3.26,0.17
2774,7,11.78,2.54,0.22
3373,8,17.51,3.11,0.18
689,2,23.34,2.69,0.12
2359,6,14.72,3.92,0.27
3657,9,31.09,6.12,0.2
3836,9,30.96,6.11,0.2
3979,9,32.87,6.19,0.19
2635,6,15.37,3.85,0.25
1991,5,9.97,4.56,0.46
857,2,24.33,2.98,0.12
3553,8,18.84,3.13,0.17
139,1,8.21,3.31,0.4
2898,7,13.17,2.61,0.2
2486,6,13.45,3.97,0.3
3705,9,32.58,6.15,0.19
2501,6,14.03,4.05,0.29
1296,3,16.81,3.13,0.19
683,2,25.49,2.69,0.11
2738,7,12.53,2.69,0.21
1336,3,17.97,3.24,0.18
3060,7,13.48,2.62,0.19
376,1,7.97,3.24,0.41
3987,9,29.85,6.11,0.2
2639,6,15.37,4.08,0.27
150,1,8.27,3.33,0.4
2028,5,9.67,4.59,0.47
4015,9,30.36,6.14,0.2
3630,9,31.94,6.15,0.19
2643,6,11.81,3.91,0.33
3691,9,30.93,6.11,0.2
1293,3,18.28,3.22,0.18
411,1,7.47,3.34,0.45
245,1,8.23,3.14,0.38
1974,5,8.7,4.59,0.53
1600,4,23.12,3.87,0.17
3299,8,17.75,3.24,0.18
3349,8,18.53,3.0,0.16
709,2,24.17,3.01,0.12
2453,6,12.35,3.84,0.31
3,1,7.57,3.36,0.44
3272,8,17.9,2.99,0.17
1553,4,20.09,3.93,0.2
24,1,7.21,3.4,0.47
712,2,24.65,2.82,0.11
634,2,24.34,2.77,0.11
2120,5,7.72,4.54,0.59
946,3,18.16,3.1,0.17
847,2,24.51,2.88,0.12
819,2,24.13,2.83,0.12
1561,4,22.77,4.03,0.18
490,2,25.45,3.23,0.13
1672,4,22.61,3.92,0.17
2490,6,15.51,3.84,0.25
686,2,25.4,2.94,0.12
2366,6,13.1,4.02,0.31
1377,4,21.53,3.77,0.18
1009,3,19.28,3.26,0.17
2612,6,13.36,3.76,0.28
2758,7,11.87,2.57,0.22
636,2,23.9,2.57,0.11
1779,4,23.61,3.85,0.16
539,2,25.0,2.76,0.11
2543,6,12.51,3.9,0.31
3843,9,30.11,6.14,0.2
1871,5,8.04,4.54,0.57
1526,4,20.65,3.91,0.19
1442,4,23.53,4.02,0.17
3241,8,18.31,3.04,0.17
1041,3,17.89,3.19,0.18
995,3,18.39,3.25,0.18
898,3,18.36,3.24,0.18
1819,5,11.33,4.58,0.4
2906,7,13.48,2.69,0.2
369,1,8.1,3.27,0.4
3153,8,17.27,3.14,0.18
175,1,8.86,3.35,0.38
1468,4,22.11,3.77,0.17
791,2,24.28,2.48,0.1
3154,8,18.46,3.32,0.18
2134,5,10.79,4.55,0.42
2381,6,13.25,4.01,0.3
2346,6,11.9,3.86,0.32
153,1,6.7,3.14,0.47
301,1,7.48,3.21,0.43
3977,9,33.18,6.21,0.19
3357,8,17.76,3.08,0.17
222,1,9.79,3.3,0.34
3392,8,18.19,3.17,0.17
2148,5,11.94,4.64,0.39
1197,3,18.16,3.16,0.17
3846,9,29.79,6.09,0.2
3941,9,31.64,6.11,0.19
2032,5,9.41,4.62,0.49
2508,6,11.98,3.87,0.32
335,1,8.42,3.27,0.39
935,3,19.5,3.22,0.17
1864,5,9.12,4.57,0.5
3504,8,16.37,2.85,0.17
3728,9,30.9,6.16,0.2
1300,3,19.27,3.17,0.16
4028,9,32.28,6.22,0.19
2975,7,11.85,2.6,0.22
820,2,22.97,3.23,0.14
349,1,8.22,3.22,0.39
2721,6,13.44,4.02,0.3
756,2,24.63,2.7,0.11
1658,4,22.43,3.89,0.17
3391,8,17.56,3.14,0.18
117,1,7.53,3.06,0.41
1960,5,10.85,4.63,0.43
1379,4,23.5,3.84,0.16
2112,5,9.94,4.6,0.46
2951,7,12.69,2.6,0.2
2216,5,8.28,4.56,0.55
2950,7,14.96,2.65,0.18
2990,7,14.59,2.7,0.19
253,1,9.66,3.36,0.35
2158,5,8.91,4.56,0.51
2320,6,13.55,3.8,0.28
9,1,8.42,3.26,0.39
1416,4,23.15,4.05,0.17
865,2,24.05,2.82,0.12
3958,9,31.04,6.17,0.2
3715,9,28.65,6.06,0.21
502,2,25.19,3.23,0.13
3560,8,17.48,3.16,0.18
2815,7,11.27,2.6,0.23
402,1,10.04,3.41,0.34
3526,8,16.67,2.96,0.18
831,2,25.72,2.82,0.11
464,1,6.91,3.17,0.46
1736,4,20.59,3.65,0.18
3288,8,17.13,2.93,0.17
818,2,24.46,2.67,0.11
272,1,7.71,3.16,0.41
2600,6,14.09,3.84,0.27
2240,5,9.18,4.55,0.5
1740,4,19.45,3.92,0.2
477,2,24.15,2.34,0.1
2794,7,9.69,2.6,0.27
3479,8,18.95,3.32,0.18
3609,8,18.56,3.11,0.17
509,2,24.21,2.34,0.1
2345,6,15.85,3.89,0.25
1560,4,20.61,3.77,0.18
3256,8,18.65,3.16,0.17
2956,7,11.81,2.63,0.22
496,2,25.08,2.53,0.1
2968,7,13.76,2.69,0.2
647,2,24.1,2.62,0.11
2694,6,11.23,3.89,0.35
368,1,7.23,3.16,0.44
3258,8,18.29,3.26,0.18
2916,7,13.54,2.69,0.2
2837,7,11.44,2.63,0.23
2322,6,13.16,3.86,0.29
2162,5,7.7,4.48,0.58
1242,3,16.32,3.17,0.19
1492,4,22.02,3.85,0.17
1215,3,20.94,3.35,0.16
83,1,6.87,3.23,0.47
37,1,7.1,3.26,0.46
1485,4,22.4,3.88,0.17
1095,3,17.13,3.21,0.19
390,1,7.53,3.34,0.44
523,2,25.3,2.8,0.11
3149,8,17.43,3.21,0.18
1726,4,20.08,3.84,0.19
3695,9,31.47,6.15,0.2
3393,8,18.29,3.22,0.18
75,1,9.73,3.32,0.34
2572,6,10.21,4.0,0.39
3335,8,16.67,3.02,0.18
129,1,7.3,3.38,0.46
3529,8,18.06,3.33,0.18
854,2,24.58,3.05,0.12
2583,6,14.27,4.03,0.28
892,3,17.21,3.23,0.19
399,1,7.29,3.36,0.46
2488,6,12.01,3.98,0.33
81,1,8.77,3.34,0.38
2436,6,11.22,3.87,0.34
255,1,6.87,3.14,0.46
1792,4,23.99,4.09,0.17
3775,9,30.07,6.16,0.2
829,2,23.67,2.42,0.1
